参加枠名,ユーザー名,表示名,コメント,参加ステータス,出欠ステータス,更新日時,受付番号
一般参加枠,h-arkt,h-arkt,Red Hat Tech Night 2018.11.08 に参加を申し込みました！,参加,,2018年10月25日 10時33分,1401986
一般参加枠,shiroica,shiroica,Red Hat Tech Night 2018.11.08に参加を申し込みました！,参加,,2018年10月24日 23時21分,1401503
一般参加枠,toshis_,toshis_,Red Hat Tech Night 2018.11.08 に参加を申し込みました！,参加,,2018年10月28日 17時18分,1407063
一般参加枠,MitsuguShingu,MitsuguShingu,Red Hat Tech Night 2018.11.08に参加を申し込みました！,参加,,2018年10月30日 01時25分,1409745
一般参加枠,ymst1107,ymst1107,Red Hat Tech Night 2018.11.08に参加を申し込みました！,参加,,2018年10月31日 10時46分,1412080
一般参加枠,curry9999,curry9999,Red Hat Tech Night 2018.11.08に参加を申し込みました！,参加,,2018年10月26日 09時43分,1403723
一般参加枠,baum204,makamimu,Red Hat Tech Night 2018.11.08に参加を申し込みました！,参加,,2018年10月30日 19時31分,1411223
一般参加枠,tmogi,tmogi,Red Hat Tech Night 2018.11.08 に参加を申し込みました！,参加,,2018年11月1日 10時57分,1414071
一般参加枠,odoru99,Konishi Kenji,Red Hat Tech Night 2018.11.08に参加を申し込みました！,参加,,2018年10月25日 03時44分,1401655
一般参加枠,snogami,snogami,Red Hat Tech Night 2018.11.08 に参加を申し込みました！,参加,,2018年10月27日 02時25分,1405667
一般参加枠,yskida,yskida,Red Hat Tech Night 2018.11.08 に参加を申し込みました！,参加,,2018年10月31日 09時17分,1411890
一般参加枠,kyohei-nakamura,Kyohei Nakamura,Red Hat Tech Night 2018.11.08に参加を申し込みました！,参加,,2018年10月31日 11時28分,1412172
一般参加枠,YasuhisaOchiai,YasuhisaOchiai,Red Hat Tech Night 2018.11.08に参加を申し込みました！,参加,,2018年10月24日 23時07分,1401486
一般参加枠,kawakamimanabu,KAWAKAMI Manabu,Red Hat Tech Night 2018.11.08に参加を申し込みました！,参加,,2018年10月29日 09時29分,1407941
一般参加枠,dice_K247,dice_K247,Red Hat Tech Night 2018.11.08 に参加を申し込みました！,参加,,2018年11月1日 21時13分,1415865
一般参加枠,fujisakih14,fuji14,Red Hat Tech Night 2018.11.08 に参加を申し込みました！,参加,,2018年11月1日 17時09分,1415317
一般参加枠,HIROCASTER,hirocaster,Red Hat Tech Night 2018.11.08 に参加を申し込みました！,参加,,2018年10月30日 16時18分,1410720
一般参加枠,HirofumiHida,HirofumiHida,Red Hat Tech Night 2018.11.08に参加を申し込みました！,参加,,2018年10月24日 17時55分,1400995
一般参加枠,Gako-Sho,Gako-Sho,Red Hat Tech Night 2018.11.08 に参加を申し込みました！,参加,,2018年10月31日 10時37分,1412064
一般参加枠,gashirar,Gashirar,Red Hat Tech Night 2018.11.08 に参加を申し込みました！,参加,,2018年10月30日 12時05分,1410327
一般参加枠,Alice_You,Alice_You,Red Hat Tech Night 2018.11.08 に参加を申し込みました！,参加,,2018年10月28日 11時41分,1406795
一般参加枠,s1g,Shogo Morishige,Red Hat Tech Night 2018.11.08に参加を申し込みました！,参加,,2018年11月1日 00時43分,1413436
一般参加枠,shota0123art,shota0123art,Red Hat Tech Night 2018.11.08に参加を申し込みました！,参加,,2018年10月29日 14時52分,1408742
一般参加枠,sogaoh,sogaoh,Red Hat Tech Night 2018.11.08 に参加を申し込みました！,参加,,2018年10月27日 09時03分,1405798
一般参加枠,kureb,Tatsuya Kurebayashi,Red Hat Tech Night 2018.11.08 に参加を申し込みました！,参加,,2018年10月25日 21時00分,1403158
一般参加枠,kyohei_kitamura,kyohei_kitamura,Red Hat Tech Night 2018.11.08 に参加を申し込みました！,参加,,2018年10月31日 17時03分,1412862
一般参加枠,raigodsk,raigodsk,Red Hat Tech Night 2018.11.08 に参加を申し込みました！,参加,,2018年10月26日 14時55分,1404437
一般参加枠,yo12525,yo12525,Red Hat Tech Night 2018.11.08に参加を申し込みました！,参加,,2018年10月24日 17時37分,1400953
一般参加枠,a2uky,a2uky,Red Hat Tech Night 2018.11.08に参加を申し込みました！,参加,,2018年10月29日 11時57分,1408370
一般参加枠,kitayama_t,kitayama_t,Red Hat Tech Night 2018.11.08に参加を申し込みました！,参加,,2018年10月25日 20時36分,1403118
一般参加枠,g40244,g40244,Red Hat Tech Night 2018.11.08に参加を申し込みました！,参加,,2018年10月24日 22時53分,1401470
一般参加枠,takumihashimoto,takumihashimo,Red Hat Tech Night 2018.11.08 に参加を申し込みました！,参加,,2018年10月29日 19時23分,1409304
一般参加枠,tantan03,tantan03,Red Hat Tech Night 2018.11.08 に参加を申し込みました！,参加,,2018年10月24日 23時25分,1401508
一般参加枠,nakanakashin,naka-shin1,Red Hat Tech Night 2018.11.08に参加を申し込みました！,参加,,2018年10月25日 20時18分,1403089
一般参加枠,9106240715,9106240715,Red Hat Tech Night 2018.11.08 に参加を申し込みました！,参加,,2018年11月1日 11時39分,1414287
一般参加枠,greenteacat,Etherium,Red Hat Tech Night 2018.11.08 に参加を申し込みました！,参加,,2018年10月31日 09時48分,1411958
一般参加枠,ykhroki,ykhroki,Red Hat Tech Night 2018.11.08 に参加を申し込みました！,参加,,2018年10月25日 23時08分,1403357
一般参加枠,hifujiwara,hifujiwara,Red Hat Tech Night 2018.11.08 に参加を申し込みました！,参加,,2018年11月1日 19時45分,1415717
一般参加枠,yagi_shinnosuke,yagi_shinnosuke,Red Hat Tech Night 2018.11.08に参加を申し込みました！,参加,,2018年10月26日 19時53分,1405069
一般参加枠,uchy,uchy,Red Hat Tech Night 2018.11.08 に参加を申し込みました！,参加,,2018年10月27日 11時47分,1405978
一般参加枠,kuroshun96,ShunichiKuroyanagi,Red Hat Tech Night 2018.11.08 に参加を申し込みました！,参加,,2018年10月30日 18時40分,1411117
一般参加枠,hnw,hnw,Red Hat Tech Night 2018.11.08 に参加を申し込みました！,参加,,2018年10月29日 12時30分,1408449
一般参加枠,tom__bo_CS,tom__bo_CS,Red Hat Tech Night 2018.11.08 に参加を申し込みました！,参加,,2018年10月30日 22時39分,1411513
一般参加枠,k-murakata,k-murakata,Red Hat Tech Night 2018.11.08 に参加を申し込みました！,参加,,2018年10月29日 11時55分,1408368
一般参加枠,MasakazuTakasho,harasho,Red Hat Tech Night 2018.11.08に参加を申し込みました！,参加,,2018年10月28日 09時15分,1406704
一般参加枠,bussorenre,bussorenre,Red Hat Tech Night 2018.11.08 に参加を申し込みました！,参加,,2018年10月30日 11時30分,1410261
一般参加枠,sonots,sonots,Red Hat Tech Night 2018.11.08 に参加を申し込みました！,参加,,2018年10月30日 19時39分,1411232
一般参加枠,y-uemura55,y-uemura55,Red Hat Tech Night 2018.11.08 に参加を申し込みました！,参加,,2018年10月31日 19時13分,1413026
一般参加枠,y_n_ag,y_n_ag,Red Hat Tech Night 2018.11.08 に参加を申し込みました！,参加,,2018年10月31日 19時59分,1413088
一般参加枠,yutakatay,yutakatay,Red Hat Tech Night 2018.11.08に参加を申し込みました！,参加,,2018年10月26日 23時36分,1405444
一般参加枠,komapotter,komapotter,Red Hat Tech Night 2018.11.08に参加を申し込みました！,参加,,2018年10月26日 20時58分,1405208
一般参加枠,tyutat,tyutat,Red Hat Tech Night 2018.11.08に参加を申し込みました！,参加,,2018年10月25日 09時00分,1401784
一般参加枠,ju_imamura,ju_imamura,Red Hat Tech Night 2018.11.08 に参加を申し込みました！,参加,,2018年10月29日 12時00分,1408373
一般参加枠,nobuto_m,nobuto_m,Red Hat Tech Night 2018.11.08に参加を申し込みました！,参加,,2018年10月29日 13時57分,1408636
一般参加枠,nagashi_ma_w,nagashi_ma_w,Red Hat Tech Night 2018.11.08 に参加を申し込みました！,参加,,2018年10月26日 17時35分,1404675
一般参加枠,HiroyaYamaguchi,HiroyaYamaguchi,Red Hat Tech Night 2018.11.08 に参加を申し込みました！,参加,,2018年10月25日 01時10分,1401615
一般参加枠,kanata2003,kanata,Red Hat Tech Night 2018.11.08 に参加を申し込みました！,参加,,2018年10月27日 09時35分,1405830
一般参加枠,kawamoto00,Takuji Kawamoto,Red Hat Tech Night 2018.11.08に参加を申し込みました！,参加,,2018年10月30日 00時19分,1409683
一般参加枠,yuri0x,yuri0x,Red Hat Tech Night 2018.11.08に参加を申し込みました！,参加,,2018年11月1日 21時20分,1415876
一般参加枠,ryota_suenaga,ryota_suenaga,Red Hat Tech Night 2018.11.08に参加を申し込みました！,参加,,2018年10月29日 10時59分,1408194
一般参加枠,y_f_alpaka,y_f_alpaka,Red Hat Tech Night 2018.11.08 に参加を申し込みました！,参加,,2018年10月26日 17時46分,1404697
一般参加枠,hayato_suzuki_771,pocky_saver,Red Hat Tech Night 2018.11.08 に参加を申し込みました！,参加,,2018年10月30日 11時56分,1410310
一般参加枠,IsaoHaga,IsaoHaga,Red Hat Tech Night 2018.11.08 に参加を申し込みました！,参加,,2018年10月31日 11時02分,1412117
一般参加枠,onotk,onotk,Red Hat Tech Night 2018.11.08に参加を申し込みました！,参加,,2018年10月31日 09時08分,1411861
一般参加枠,yochizo,yochizo,Red Hat Tech Night 2018.11.08 に参加を申し込みました！,参加,,2018年10月30日 15時55分,1410683
一般参加枠,takanorisuzuki,takanorisuzuki,Red Hat Tech Night 2018.11.08に参加を申し込みました！,参加,,2018年10月29日 10時14分,1408052
一般参加枠,hnron,hnron,Red Hat Tech Night 2018.11.08 に参加を申し込みました！,参加,,2018年10月31日 12時12分,1412271
一般参加枠,vacuuuuum,vacuuuuum,Red Hat Tech Night 2018.11.08 に参加を申し込みました！,参加,,2018年10月30日 15時15分,1410620
一般参加枠,san-tak,san-tak,Red Hat Tech Night 2018.11.08に参加を申し込みました！,参加,,2018年10月26日 14時38分,1404411
一般参加枠,kkoj,Katsutoshi Kojima,Red Hat Tech Night 2018.11.08に参加を申し込みました！,参加,,2018年10月27日 05時14分,1405704
一般参加枠,hoiya2483,hoiya2483,Red Hat Tech Night 2018.11.08に参加を申し込みました！,参加,,2018年10月27日 08時18分,1405764
一般参加枠,yukinobu_abe,yukinobu_abe,Red Hat Tech Night 2018.11.08 に参加を申し込みました！,参加,,2018年11月1日 00時14分,1413411
一般参加枠,matsushy,matsushy,Red Hat Tech Night 2018.11.08 に参加を申し込みました！,参加,,2018年10月31日 10時26分,1412042
一般参加枠,sky_jokerxx,sky_jokerxx,Red Hat Tech Night 2018.11.08 に参加を申し込みました！,参加,,2018年10月28日 16時04分,1406978
一般参加枠,akira6592,akira6592,Red Hat Tech Night 2018.11.08に参加を申し込みました！,参加,,2018年10月25日 19時31分,1403018
一般参加枠,SyunsukeHAYASHI,SyunsukeHAYASHI,Red Hat Tech Night 2018.11.08に参加を申し込みました！,参加,,2018年10月30日 23時11分,1411551
一般参加枠,ryu_z10,ryu_z10,Red Hat Tech Night 2018.11.08に参加を申し込みました！,参加,,2018年10月24日 18時11分,1401026
一般参加枠,enagok,enagok,Red Hat Tech Night 2018.11.08に参加を申し込みました！,参加,,2018年10月24日 22時23分,1401440
一般参加枠,huki3373,huki3373,Red Hat Tech Night 2018.11.08に参加を申し込みました！,参加,,2018年10月26日 07時18分,1403565
一般参加枠,nagatotto,nagatotto,Red Hat Tech Night 2018.11.08 に参加を申し込みました！,参加,,2018年10月30日 13時55分,1410500
一般参加枠,ao_ninoude,ao_ninoude,Red Hat Tech Night 2018.11.08に参加を申し込みました！,参加,,2018年10月25日 08時25分,1401744
一般参加枠,showhen,showhen,Red Hat Tech Night 2018.11.08 に参加を申し込みました！,参加,,2018年10月26日 00時11分,1403430
一般参加枠,cafenero_777,cafenero_777,Red Hat Tech Night 2018.11.08に参加を申し込みました！,参加,,2018年10月26日 09時17分,1403680
一般参加枠,daisuke555,dice_k,Red Hat Tech Night 2018.11.08に参加を申し込みました！,参加,,2018年10月29日 08時48分,1407850
一般参加枠,tnakaji,tnakaji,I joined Red Hat Tech Night 2018.11.08!,参加,,2018年10月26日 02時14分,1403510
一般参加枠,1993Chihiro,1993Chihiro,Red Hat Tech Night 2018.11.08に参加を申し込みました！,参加,,2018年10月26日 13時51分,1404335
一般参加枠,hiro1986t,hiro1986t,Red Hat Tech Night 2018.11.08 に参加を申し込みました！,参加,,2018年10月29日 14時38分,1408712
一般参加枠,nokton,nokton,Red Hat Tech Night 2018.11.08 に参加を申し込みました！,参加,,2018年11月1日 00時50分,1413442
一般参加枠,restv6417,restv6417,Red Hat Tech Night 2018.11.08に参加を申し込みました！,参加,,2018年10月27日 12時27分,1406010
一般参加枠,watd,watd,Red Hat Tech Night 2018.11.08に参加を申し込みました！,参加,,2018年10月26日 15時18分,1404468
一般参加枠,miyacomaru,miyacomaru,Red Hat Tech Night 2018.11.08 に参加を申し込みました！,参加,,2018年10月26日 13時41分,1404315
一般参加枠,tnagata3,tnagata3,Red Hat Tech Night 2018.11.08 に参加を申し込みました！,参加,,2018年10月31日 10時38分,1412071
一般参加枠,miporin,miporin,Red Hat Tech Night 2018.11.08に参加を申し込みました！,参加,,2018年10月26日 06時09分,1403539
一般参加枠,TakehikoTomiyama,TakehikoTomiyama,Red Hat Tech Night 2018.11.08に参加を申し込みました！,参加,,2018年10月31日 20時23分,1413123
一般参加枠,windhole,Ko Kazaana,Red Hat Tech Night 2018.11.08 に参加を申し込みました！,参加,,2018年10月25日 19時14分,1402986
一般参加枠,passion-frt,passion-frt,Red Hat Tech Night 2018.11.08に参加を申し込みました！,参加,,2018年10月26日 11時28分,1404012
一般参加枠,mhiramat,mhiramat,Red Hat Tech Night 2018.11.08 に参加を申し込みました！,参加,,2018年10月26日 16時48分,1404607
一般参加枠,obi_yuta,obi_yuta,,参加,,2018年10月29日 11時18分,1408260
一般参加枠,yukimlt,yukimlt,Red Hat Tech Night 2018.11.08 に参加を申し込みました！,参加,,2018年11月1日 18時52分,1415536
一般参加枠,tsuyu_28,tsuyu_28,Red Hat Tech Night 2018.11.08に参加を申し込みました！,参加,,2018年11月1日 12時58分,1414684
一般参加枠,kimura_shigeaki,kimura_shigeaki,Red Hat Tech Night 2018.11.08に参加を申し込みました！,参加,,2018年10月25日 22時12分,1403261
一般参加枠,d_Joker,d_Joker,Red Hat Tech Night 2018.11.08 に参加を申し込みました！,参加,,2018年10月27日 09時59分,1405860
一般参加枠,n_agetsu,n_agetsu,Red Hat Tech Night 2018.11.08 に参加を申し込みました！,参加,,2018年10月25日 22時22分,1403281
一般参加枠,dwap392,dwap392,Red Hat Tech Night 2018.11.08に参加を申し込みました！,参加,,2018年10月26日 17時30分,1404660
一般参加枠,tetsuya_y,Tetsuya Yamada,Red Hat Tech Night 2018.11.08に参加を申し込みました！,参加,,2018年11月1日 15時37分,1415122
一般参加枠,hyamada,hyamada,Red Hat Tech Night 2018.11.08 に参加を申し込みました！,参加,,2018年10月31日 13時15分,1412451
一般参加枠,SightSeeker,SightSeeker,,参加,,2018年10月24日 17時24分,1400927
一般参加枠,hyoshiok,hyoshiok,Red Hat Tech Night 2018.11.08 に参加を申し込みました！,参加,,2018年10月29日 11時25分,1408281
一般参加枠,emaggame,emaggame,Red Hat Tech Night 2018.11.08に参加を申し込みました！,参加,,2018年10月26日 17時00分,1404622
一般参加枠,yoshitan,yoshitan,Red Hat Tech Night 2018.11.08 に参加を申し込みました！,参加,,2018年10月31日 09時09分,1411866
一般参加枠,h-inoue,h-inoue,Red Hat Tech Night 2018.11.08 に参加を申し込みました！,参加,,2018年11月1日 10時18分,1413787
一般参加枠,Koji_Ishikawa,Koji_Ishikawa,Red Hat Tech Night 2018.11.08 に参加を申し込みました！,参加,,2018年10月26日 15時10分,1404457
一般参加枠,nahomood,にらたまなっちょ,Red Hat Tech Night 2018.11.08に参加を申し込みました！,参加,,2018年10月25日 02時51分,1401651
一般参加枠,miu_flash,miu_flash,Red Hat Tech Night 2018.11.08 に参加を申し込みました！,参加,,2018年10月31日 09時19分,1411891
一般参加枠,iwgp_konta,iwgp_konta,Red Hat Tech Night 2018.11.08に参加を申し込みました！,参加,,2018年10月25日 19時45分,1403034
一般参加枠,gsuehiro,gsuehiro,Red Hat Tech Night 2018.11.08 に参加を申し込みました！,参加,,2018年10月31日 16時20分,1412806
一般参加枠,RyojiNoma,shiro,Red Hat Tech Night 2018.11.08 に参加を申し込みました！,参加,,2018年10月30日 22時37分,1411511
一般参加枠,necd-yama,necd-yama,Red Hat Tech Night 2018.11.08 に参加を申し込みました！,参加,,2018年10月31日 09時30分,1411917
一般参加枠,ossc_web,yagura,Red Hat Tech Night 2018.11.08 に参加を申し込みました！,参加,,2018年10月31日 09時28分,1411911
一般参加枠,ka0o0o,ka0o0o,Red Hat Tech Night 2018.11.08 に参加を申し込みました！,参加,,2018年10月30日 16時05分,1410698
一般参加枠,yoshikaw,yoshikaw,Red Hat Tech Night 2018.11.08に参加を申し込みました！,参加,,2018年10月25日 22時25分,1403289
一般参加枠,kaitoii11,Kaito Ii,I joined Red Hat Tech Night 2018.11.08!,参加,,2018年10月27日 23時19分,1406543
一般参加枠,nonakap,nonakap,Red Hat Tech Night 2018.11.08 に参加を申し込みました！,参加,,2018年10月29日 14時50分,1408737
一般参加枠,kei59,kei59,Red Hat Tech Night 2018.11.08 に参加を申し込みました！,参加,,2018年10月31日 13時37分,1412519
一般参加枠,shimizu_daisuke,shimizu_daisuke,Red Hat Tech Night 2018.11.08 に参加を申し込みました！,参加,,2018年10月29日 21時03分,1409426
一般参加枠,n-satoshi,n-satoshi,Red Hat Tech Night 2018.11.08に参加を申し込みました！,参加,,2018年10月26日 07時58分,1403590
一般参加枠,hamahiro,hamahiro,Red Hat Tech Night 2018.11.08に参加を申し込みました！,参加,,2018年10月28日 17時11分,1407045
一般参加枠,nadesic,nadesic,Red Hat Tech Night 2018.11.08 に参加を申し込みました！,参加,,2018年11月1日 12時31分,1414552
一般参加枠,m24ttmhk,まと,Red Hat Tech Night 2018.11.08 に参加を申し込みました！,参加,,2018年10月25日 10時56分,1402038
一般参加枠,connpassnouser,connpassnouser,Red Hat Tech Night 2018.11.08 に参加を申し込みました！,参加,,2018年10月31日 22時08分,1413269
一般参加枠,nobuking,nobuking,Red Hat Tech Night 2018.11.08に参加を申し込みました！,参加,,2018年10月25日 19時12分,1402985
一般参加枠,noirso,noirso,Red Hat Tech Night 2018.11.08 に参加を申し込みました！,参加,,2018年10月31日 10時37分,1412066
一般参加枠,NTintokyo,NTintokyo,I joined Red Hat Tech Night 2018.11.08!,参加,,2018年11月1日 12時24分,1414508
一般参加枠,wamekukyouzin,wamekukyouzin,Red Hat Tech Night 2018.11.08に参加を申し込みました！,参加,,2018年10月30日 12時41分,1410374
一般参加枠,mrkn,mrkn,I joined Red Hat Tech Night 2018.11.08!,参加,,2018年10月29日 11時19分,1408261
一般参加枠,lhnam298,Nam Le,Red Hat Tech Night 2018.11.08に参加を申し込みました！,参加,,2018年10月25日 09時42分,1401860
一般参加枠,attakei,kAZUYA tAKEI,Red Hat Tech Night 2018.11.08 に参加を申し込みました！,参加,,2018年10月25日 18時44分,1402944
一般参加枠,kishiyyyyy,kishiyyyyy,Red Hat Tech Night 2018.11.08 に参加を申し込みました！,参加,,2018年10月26日 15時13分,1404463
一般参加枠,segami_cx,segami_cx,Red Hat Tech Night 2018.11.08 に参加を申し込みました！,参加,,2018年10月26日 13時40分,1404311
一般参加枠,fusagiko,フサギコ / takayamaki,Red Hat Tech Night 2018.11.08 に参加を申し込みました！,参加,,2018年11月2日 05時52分,1416356
一般参加枠,YanagidaTsutomu,YanagidaTsutomu,Red Hat Tech Night 2018.11.08 に参加を申し込みました！,参加,,2018年11月2日 07時43分,1416404
一般参加枠,badecafe,badecafe,Red Hat Tech Night 2018.11.08 に参加を申し込みました！,参加,,2018年11月2日 07時50分,1416409
一般参加枠,fraiser,fraiser,Red Hat Tech Night 2018.11.08 に参加を申し込みました！,参加,,2018年11月2日 09時01分,1416496
一般参加枠,ito_,ito_,Red Hat Tech Night 2018.11.08に参加を申し込みました！,参加,,2018年11月2日 09時23分,1416548
一般参加枠,yyamano,yyamano,Red Hat Tech Night 2018.11.08 に参加を申し込みました！,参加,,2018年11月2日 09時32分,1416568
一般参加枠,jir01030,jir01030,Red Hat Tech Night 2018.11.08 に参加を申し込みました！,参加,,2018年11月2日 09時32分,1416569
一般参加枠,215,215,Red Hat Tech Night 2018.11.08 に参加を申し込みました！,参加,,2018年11月2日 09時41分,1416592
一般参加枠,kazurin,kazurin,Red Hat Tech Night 2018.11.08 に参加を申し込みました！,参加,,2018年11月2日 10時51分,1416746
一般参加枠,takashinkmr,takashinkmr,Red Hat Tech Night 2018.11.08 に参加を申し込みました！,参加,,2018年11月2日 10時51分,1416748
一般参加枠,m-tamura,m-tamura,Red Hat Tech Night 2018.11.08 に参加を申し込みました！,参加,,2018年11月2日 11時29分,1416817
一般参加枠,yacchone,yacchone,Red Hat Tech Night 2018.11.08 に参加を申し込みました！,参加,,2018年11月2日 11時33分,1416821
一般参加枠,a_ogawa00,a_ogawa00,Red Hat Tech Night 2018.11.08 に参加を申し込みました！,参加,,2018年11月2日 11時40分,1416838
一般参加枠,narumi_,narumi_,Red Hat Tech Night 2018.11.08 に参加を申し込みました！,参加,,2018年11月2日 12時49分,1417020
一般参加枠,Protom512,Protom512,Red Hat Tech Night 2018.11.08に参加を申し込みました！,参加,,2018年11月2日 12時52分,1417033
一般参加枠,kazuiio,kazuiio,Red Hat Tech Night 2018.11.08 に参加を申し込みました！,参加,,2018年11月2日 12時53分,1417035
一般参加枠,mty,mty,I joined Red Hat Tech Night 2018.11.08!,参加,,2018年11月2日 14時11分,1417191
一般参加枠,misogaku,misogaku,Red Hat Tech Night 2018.11.08 に参加を申し込みました！,参加,,2018年11月2日 15時02分,1417274
一般参加枠,rinako_yokota,yokina,Red Hat Tech Night 2018.11.08に参加を申し込みました！,参加,,2018年11月2日 15時20分,1417304
一般参加枠,peanweb,peanweb,Red Hat Tech Night 2018.11.08に参加を申し込みました！,参加,,2018年11月2日 16時27分,1417389
一般参加枠,kosugeyohei,kosugeyohei,Red Hat Tech Night 2018.11.08 に参加を申し込みました！,参加,,2018年11月2日 17時47分,1417546
一般参加枠,rakeinte-,rakeinte-,Red Hat Tech Night 2018.11.08に参加を申し込みました！,参加,,2018年11月2日 22時49分,1418048
一般参加枠,thaim,thaim,Red Hat Tech Night 2018.11.08 に参加を申し込みました！,参加,,2018年11月2日 23時46分,1418109
一般参加枠,ka_zu_8,ka_zu_8,Red Hat Tech Night 2018.11.08 に参加を申し込みました！,参加,,2018年11月3日 00時18分,1418153
一般参加枠,chikumin,chikumin,Red Hat Tech Night 2018.11.08 に参加を申し込みました！,参加,,2018年11月3日 01時51分,1418221
一般参加枠,furandon_pig,furandon_pig,Red Hat Tech Night 2018.11.08 に参加を申し込みました！,参加,,2018年11月3日 08時07分,1418281
一般参加枠,nightyknite,nightyknite,Red Hat Tech Night 2018.11.08 に参加を申し込みました！,参加,,2018年11月3日 08時08分,1418282
一般参加枠,akichan32,akichan32,Red Hat Tech Night 2018.11.08に参加を申し込みました！,参加,,2018年11月3日 08時17分,1418286
一般参加枠,KitaraTech,KitaraTech,Red Hat Tech Night 2018.11.08 に参加を申し込みました！,参加,,2018年11月3日 10時50分,1418393
一般参加枠,0xmks,0xmks,Red Hat Tech Night 2018.11.08 に参加を申し込みました！,参加,,2018年11月3日 11時24分,1418425
一般参加枠,mogumogu0eng,mogumogu0eng,Red Hat Tech Night 2018.11.08に参加を申し込みました！,参加,,2018年11月3日 12時15分,1418521
一般参加枠,m2akira9,m2akira9,Red Hat Tech Night 2018.11.08に参加を申し込みました！,参加,,2018年11月3日 18時37分,1419032
一般参加枠,kys,kys,Red Hat Tech Night 2018.11.08 に参加を申し込みました！,参加,,2018年11月3日 19時11分,1419059
一般参加枠,m-takahashi-if,m-takahashi-if,Red Hat Tech Night 2018.11.08に参加を申し込みました！,参加,,2018年11月4日 00時18分,1419326
一般参加枠,uenishin,uenishin,Red Hat Tech Night 2018.11.08に参加を申し込みました！,参加,,2018年11月4日 09時14分,1419441
一般参加枠,takaidohigasi,takaidohigasi,Red Hat Tech Night 2018.11.08 に参加を申し込みました！,参加,,2018年11月4日 10時36分,1419541
一般参加枠,miyuk,miyuk,Red Hat Tech Night 2018.11.08 に参加を申し込みました！,参加,,2018年11月4日 17時52分,1419946
一般参加枠,mapk0y,mapk0y,Red Hat Tech Night 2018.11.08 に参加を申し込みました！,参加,,2018年11月4日 21時47分,1420191
一般参加枠,ruotomayataki,ToruKitayama,Red Hat Tech Night 2018.11.08に参加を申し込みました！,参加,,2018年11月5日 09時31分,1420642
一般参加枠,tomoaki,tomoaki,Red Hat Tech Night 2018.11.08 に参加を申し込みました！,参加,,2018年11月5日 10時00分,1420695
一般参加枠,morihaya,morihaya,Red Hat Tech Night 2018.11.08 に参加を申し込みました！,参加,,2018年11月5日 10時13分,1420718
ブログ枠,MoffuMoffu,kitkatayama,Red Hat Tech Night 2018.11.08 に参加を申し込みました！,参加,,2018年11月3日 00時18分,1418155
一般参加枠,Yusuke_Kimura,Yusuke_Kimura,Red Hat Tech Night 2018.11.08 に参加を申し込みました！,補欠,,2018年11月5日 11時58分,1420950
一般参加枠,kouji,kouji,Red Hat Tech Night 2018.11.08に参加を申し込みました！,補欠,,2018年11月5日 12時16分,1420992
一般参加枠,ta-shimizu,ta-shimizu,Red Hat Tech Night 2018.11.08 に参加を申し込みました！,補欠,,2018年11月5日 14時03分,1421261
一般参加枠,wasd,wasd,Red Hat Tech Night 2018.11.08 に参加を申し込みました！,補欠,,2018年11月5日 15時31分,1421521
一般参加枠,hichon,hichon,Red Hat Tech Night 2018.11.08 に参加を申し込みました！,補欠,,2018年11月5日 19時34分,1422089
一般参加枠,ENOMOTOQ,ENOMOTOQ,Red Hat Tech Night 2018.11.08に参加を申し込みました！,補欠,,2018年11月6日 06時31分,1422773
一般参加枠,nume_46664,noharaak,Red Hat Tech Night 2018.11.08 に参加を申し込みました！,補欠,,2018年11月6日 09時39分,1422988
一般参加枠,SotaroMorita,SotaroMorita,Red Hat Tech Night 2018.11.08に参加を申し込みました！,補欠,,2018年11月6日 10時32分,1423091
一般参加枠,KennichiHoshi,KennichiHoshi,Red Hat Tech Night 2018.11.08 に参加を申し込みました！,補欠,,2018年11月6日 14時27分,1423558
一般参加枠,georgeorge,georgeorge,Red Hat Tech Night 2018.11.08 に参加を申し込みました！,補欠,,2018年11月7日 09時08分,1424930
一般参加枠,moruxa,moruxa,Red Hat Tech Night 2018.11.08 に参加を申し込みました！,補欠,,2018年11月7日 10時43分,1425122
一般参加枠,Hanato,Hanato,Red Hat Tech Night 2018.11.08 に参加を申し込みました！,補欠,,2018年11月7日 14時35分,1425569
一般参加枠,ryosuke927,ryosuke927,Red Hat Tech Night 2018.11.08 に参加を申し込みました！,補欠,,2018年11月7日 14時57分,1425619
一般参加枠,kmaeda_z,kmaeda_z,Red Hat Tech Night 2018.11.08 に参加を申し込みました！,補欠,,2018年11月7日 16時26分,1425806
一般参加枠,rum_ice,nam,Red Hat Tech Night 2018.11.08 に参加を申し込みました！,補欠,,2018年11月7日 16時51分,1425870
一般参加枠,ShinFukuda,ShinFukuda,Red Hat Tech Night 2018.11.08 に参加を申し込みました！,補欠,,2018年11月7日 16時54分,1425880
一般参加枠,Initialwest,Initialwest,Red Hat Tech Night 2018.11.08 に参加を申し込みました！,補欠,,2018年11月7日 17時29分,1425962
一般参加枠,qzlaobi,qzlaobi,Red Hat Tech Night 2018.11.08 に参加を申し込みました！,補欠,,2018年11月7日 21時20分,1426476
一般参加枠,k-itai,k-itai,Red Hat Tech Night 2018.11.08に参加を申し込みました！,補欠,,2018年11月7日 21時34分,1426501
一般参加枠,ochibe,ochibe,Red Hat Tech Night 2018.11.08に参加を申し込みました！,補欠,,2018年11月7日 22時21分,1426574
一般参加枠,iga_kyu,iganari,,参加キャンセル,,2018年10月25日 11時21分,1402081
一般参加枠,alpakaAZ,alpakaAZ,,参加キャンセル,,2018年10月26日 17時46分,1404692
一般参加枠,msym,msym,,参加キャンセル,,2018年10月29日 14時17分,1408672
一般参加枠,ArayanAce,ArayanAce,,参加キャンセル,,2018年10月29日 17時00分,1402983
一般参加枠,T_akms,T_akms,,参加キャンセル,,2018年10月30日 18時19分,1404575
一般参加枠,wadaky,wadaky,,参加キャンセル,,2018年11月2日 08時59分,1408391
一般参加枠,henrich,henrich,,参加キャンセル,,2018年11月2日 15時11分,1402807
一般参加枠,kojiosan,kojiosan,,参加キャンセル,,2018年11月3日 12時17分,1400959
一般参加枠,ozaki-fm,ozaki-fm,,参加キャンセル,,2018年11月5日 09時35分,1412863
一般参加枠,mo272ma,mo272ma,,参加キャンセル,,2018年11月5日 09時43分,1412036
一般参加枠,toya256,Tomonari Yamashita,LT で登壇することになりましたので申込み自体はキャンセル致します,参加キャンセル,,2018年11月5日 11時42分,1401198
一般参加枠,r1jpn,r1jpn,,参加キャンセル,,2018年11月5日 13時51分,1412419
一般参加枠,mnnjpn,Mona,仕事の都合で参加できず、、、,参加キャンセル,,2018年11月5日 16時45分,1410685
一般参加枠,_a0i,_a0i,,参加キャンセル,,2018年11月5日 16時57分,1410347
一般参加枠,shun-,shun-,,参加キャンセル,,2018年11月6日 11時38分,1412678
一般参加枠,okcoder,okcoder,,参加キャンセル,,2018年11月6日 16時36分,1410756
一般参加枠,ryou_soda,ryou_soda,,参加キャンセル,,2018年11月6日 22時36分,1408652
一般参加枠,SE92415776,SE92415776,,参加キャンセル,,2018年11月6日 23時18分,1403445
一般参加枠,meijik,meijik,家庭の事情でキャンセルします。すみません。,参加キャンセル,,2018年11月7日 11時29分,1413471
一般参加枠,okaD,hiroki.okada,,参加キャンセル,,2018年11月7日 17時10分,1403689
一般参加枠,altobenz,altobenz,,参加キャンセル,,2018年11月7日 17時17分,1412098
一般参加枠,xerespm,xerespm,,参加キャンセル,,2018年11月7日 18時33分,1405832
一般参加枠,tkykm,tkykm,,参加キャンセル,,2018年11月7日 19時26分,1414535
一般参加枠,yu_menoshima,yu_menoshima,,参加キャンセル,,2018年11月7日 19時43分,1418297
一般参加枠,iogi,iogi,,参加キャンセル,,2018年11月7日 20時09分,1403423
一般参加枠,omokazuki,omokazuki,申し訳ありません、急用が入りました。,参加キャンセル,,2018年11月7日 20時43分,1403743
一般参加枠,unio48,unio48,,参加キャンセル,,2018年11月7日 20時58分,1406029
一般参加枠,naotoino,naotoino,,参加キャンセル,,2018年11月7日 22時06分,1413002
ブログ枠,mnakamur1988,中村誠,主催者,参加キャンセル,,2018年11月7日 17時03分,1417998
